flow_date,type,mutation,id,age,single_cell,sex,notes,raw_T,raw_cd4,raw_4_cm,raw_4_em,raw_4_naive,raw_4_temra,raw_cd8,raw_8_cm,raw_8_em,raw_8_naive,raw_8_temra,raw_B,raw_B0,raw_B1,raw_B2,raw_B3,raw_B4,raw_B5,raw_NK,raw_16_nk,raw_56_nk,raw_DR,raw_14,raw_16,raw_mDC,raw_pDC,raw_cd34,raw_DRpos_sum,perc_T,4_8_ratio,perc_4_T,perc_4_naive_of_4,perc_4_memory_of_4,perc_4_cm_of_4,perc_4_em_of_4,perc_4_temra_of_4,perc_8_T,perc_8_naive_of_8,perc_8_memory_of_8,perc_8_cm_of_8,perc_8_em_of_8,perc_8_temra_of_8,perc_B,perc_B1,perc_B2,perc_B3,perc_B4,perc_B5,perc_NK,perc_NK_16,perc_NK_56,perc_DR,perc_DR_14,perc_DR_16,perc_DR_mDC,perc_DR_pDC,perc_DR_34
190515,Control,control,Control 1,70,No,M,,371877,295918,71430,11215,211844,1429,67307,5714,562,54716,6315,52954,3475,424,25444,9159,10273,275,24657,20158,1975,90415,67940,9603,3664,1300,594,83101,68.87848373,4.396541222,81.4696125,71.58875094,28.41124906,24.13844376,3.789901256,0.482904048,18.5303875,81.29317902,18.70682098,8.489458749,0.834980017,9.382382219,9.808058114,0.930334613,55.82885354,20.09654416,22.5408667,0.603400987,4.785476625,19.52178503,8.923327159,16.74652669,81.75593555,11.55581762,4.40909255,1.56436144,0.714792842
190515,Control,control,Control 2,50,No,M,,175668,147338,83746,6099,54934,2559,23911,8208,823,8625,6255,7956,1080,2938,2945,100,115,69,22401,16552,2948,31078,24285,2788,638,267,98,28076,74.08931983,6.161933838,86.03729073,37.28433941,62.71566059,56.83937613,4.139461646,1.736822816,13.96270927,36.07126427,63.92873573,34.32729706,3.441930492,26.15950818,3.355503726,47.64066807,47.75417545,1.621533971,1.864764067,1.11885844,10.43344673,37.08882316,15.11794872,13.10738371,86.4973643,9.930189486,2.272403476,0.95099017,0.349052572
190515,Control,control,Control 3,24,No,,,1100000,734000,231851,34612,466000,2134,320417,59094,23035,157524,80764,202988,16508,13775,85849,24779,41050,3883,161587,149572,4854,503000,424000,18569,16295,7481,2609,468954,55.90638222,2.290764847,69.61192773,63.43614254,36.56385746,31.56165898,4.711699068,0.290499417,30.38807227,49.16218553,50.83781447,18.44284167,7.189069244,25.20590356,10.31665883,8.134714414,50.69742996,14.63303728,24.24174422,2.293074125,8.947289462,24.1820069,3.143253079,25.56446387,90.41398517,3.959663421,3.474754454,1.595252413,0.556344546
190515,Control,control,Control 4,58,No,,,410000,273374,71446,12575,161356,27997,88117,23919,3115,45658,15425,51860,6780,852,9511,3552,27518,630,49556,34265,3094,88911,53961,8024,3346,1532,613,67476,68.29611195,3.102397948,75.62401277,59.02390132,40.97609868,26.13489213,4.599925377,10.24128118,24.37598723,51.81520025,48.18479975,27.14459185,3.535072687,17.50513522,8.638625283,2.025533129,22.61132111,8.444476143,65.42091624,1.49775337,8.997401561,33.67865462,8.281806258,14.81042832,79.97065623,11.89163554,4.958800166,2.270436896,0.90847116
190515,Control,control,Control 5,54,No,,,1320000,930000,556000,88542,269062,16848,326761,26623,2084,268043,30011,253668,39083,532,32975,31995,121818,4784,76991,46300,25875,63573,40782,7735,2251,916,544,52228,77.00241274,2.846116887,73.99975015,28.9173434,71.0826566,59.75590358,9.516020171,1.810732848,26.00024985,82.03029125,17.96970875,8.147545148,0.63777501,9.18438859,14.79776366,0.276933328,17.16518136,16.65504102,63.41252655,2.490317745,4.702479039,46.99171809,35.8503637,3.708541201,78.08455235,14.81006357,4.309948687,1.75384851,1.041586888
190515,Control,control,Control 6,63,No,,,441000,302278,179344,29853,65202,27879,122058,44693,9408,32085,35872,82994,7484,4507,47987,6008,8163,2047,74119,43635,10352,298382,231477,18833,7044,3994,993,262341,49.19157385,2.476511167,71.23553033,21.5702102,78.4297898,59.33081468,9.876008178,9.222966938,28.76446967,26.28668338,73.71331662,36.61619886,7.707811041,29.38930672,9.257608799,6.559261847,69.83787402,8.743741996,11.88002096,2.979101176,9.012686261,14.26092243,19.17498657,33.28317503,88.23515958,7.178824507,2.685054948,1.522445977,0.378514986
190515,Control,control,Control 7,57,No,,,108668,74655,26962,4686,39405,3602,28565,4465,1615,10428,12057,22953,1059,2505,12729,1752,2893,249,27407,23543,1660,61908,44737,9528,1343,582,197,56387,49.18528443,2.61351304,72.32609959,52.78280088,47.21719912,36.11546447,6.276873619,4.824861027,27.67390041,36.5062139,63.4937861,15.63101698,5.653772099,42.20899702,10.38898142,12.44534976,63.24026232,8.704292528,14.37301272,1.237082671,14.16134881,29.45452271,6.586517478,28.0207843,79.33920939,16.89751184,2.38175466,1.032152801,0.349371309
190515,Control,control,Control 8,69,No,,"Flow data looked strange (technical), possibly don't use",212000,110173,41061,6248,43047,19817,82754,19973,2930,30643,29208,38540,1072,1801,7166,22810,3602,317,95776,83501,3985,11931,4038,5771,633,136,231,10809,59.17704824,1.331331416,57.10605566,39.07218647,60.92781353,37.26956695,5.671080936,17.98716564,42.89394434,37.02902579,62.97097421,24.13538923,3.540614351,35.29497064,10.75794075,5.045383236,20.07507844,63.90071717,10.09076647,0.888054684,36.48762603,88.5388612,4.555014517,3.330383785,37.35775742,53.39069294,5.856230919,1.25821075,2.137107966
190620,Control,control,Control 9 (JG),22,No,M,,62761,37397,9213,1441,26546,197,22054,5049,841,15620,544,6546,572,316,3111,966,1120,75,12755,11778,455,8483,6873,539,462,184,61,8119,69.3147054,1.69570146,62.90390406,70.98430355,29.01569645,24.63566596,3.853250261,0.526780223,37.09609594,70.82615399,29.17384601,22.89380611,3.81336719,2.466672712,7.229554365,5.654974946,55.67287044,17.28704366,20.04294918,1.342161775,16.39659805,59.1948535,3.719447396,9.368822133,84.65328242,6.638748614,5.690355955,2.266288952,0.751324055
190620,Control,control,Control 10 (MT),23,No,M,,117946,65303,22195,2937,40029,142,40692,7692,1725,30726,549,18954,1179,1239,10013,2625,2589,308,37188,24606,864,39672,25653,3343,1649,1988,346,32979,55.17683383,1.604811757,61.60950988,61.29733703,38.70266297,33.98771879,4.497496287,0.217447897,38.39049012,75.5086995,24.4913005,18.90297847,4.239162489,1.34915954,8.866953593,7.386431382,59.69357339,15.64921903,15.43460117,1.836175033,21.06107095,42.72987757,3.392226148,18.55913174,77.78586373,10.13675369,5.000151612,6.028078474,1.049152491
190620,Control,control,Control 11 (FR),23,No,F,,31308,17836,6913,953,9896,74,10574,3004,128,6884,558,3911,182,75,1527,836,888,57,5799,5190,277,5169,3724,781,117,85,34,4741,67.78530755,1.686778892,62.78071102,55.48329222,44.51670778,38.75869029,5.343126261,0.414891231,37.21928898,65.10308303,34.89691697,28.40930584,1.210516361,5.277094761,8.467750666,2.216967189,45.13745197,24.71179427,26.24889152,1.684895064,14.35807772,52.26059813,5.066764222,11.1914608,78.54882936,16.47331787,2.46783379,1.792870702,0.717148281
190620,Control,control,Control 12 (RK),24,No,F,,9482,4681,1058,116,3498,9,4075,604,101,3126,244,2798,96,151,2114,175,111,17,1492,1222,79,3462,2389,453,91,57,34,3024,55.0191482,1.148711656,53.46048424,74.7276223,25.2723777,22.60200812,2.478102969,0.19226661,46.53951576,76.71165644,23.28834356,14.82208589,2.478527607,5.987730061,16.23534873,5.880062305,82.32087227,6.814641745,4.322429907,0.661993769,9.477714252,28.78002826,6.072252114,20.08819775,79.00132275,14.98015873,3.009259259,1.884920635,1.124338624
190213,Control,control,Sample 1,32,No,M,,142634,97963,30793,1414,65727,29,37163,12300,471,23790,602,10925,931,326,3196,1872,3233,573,30220,14512,1886,35557,29899,1779,868,758,223,33527,65.02990845,2.636035842,72.49752083,67.09369864,32.90630136,31.43329624,1.443402101,0.029603013,27.50247917,64.01528402,35.98471598,33.09743562,1.267389608,1.619890752,4.980942481,3.543478261,34.73913043,20.34782609,35.14130435,6.22826087,15.9796079,30.20878869,11.50140261,16.21120108,89.17887076,5.306171146,2.588958153,2.260864378,0.665135562
190213,Control,control,Sample 2,42,No,F,,191547,126347,31843,1777,92615,112,57943,16746,664,39269,1264,7792,883,249,2302,901,1437,1598,36428,34266,661,12225,6005,2491,1174,913,685,11268,77.23918514,2.180539496,68.55879321,73.30209661,26.69790339,25.20281447,1.406444158,0.088644764,31.44120679,67.77177571,32.22822429,28.90081632,1.145953782,2.181454188,3.14203684,3.838446123,35.48635733,13.8893171,22.1519963,24.63388315,17.21842314,75.25365661,1.892518682,4.929594503,53.29250976,22.10685126,10.41888534,8.102591409,6.079162229
200227,Control,control,Control OR,32,No,M,,155621,96191,38787,3928,53226,250,51324,15654,997,32604,2069,34676,3002,1904,13765,3470,9138,268,54054,51551,1130,101228,81355,6545,4376,2554,297,95127,45.03196085,1.874191411,65.20760601,55.33365907,44.66634093,40.32289923,4.083542119,0.259899575,34.79239399,63.52583587,36.47416413,30.50035071,1.942560985,4.031252436,10.03417453,6.670169907,48.22210545,12.15624453,32.01261167,0.938868453,18.54178949,35.14569329,2.144985858,29.29228917,85.52251201,6.880275842,4.600166094,2.684831856,0.312214198
190614,Patient,3243,R002,60,No,M,,15915,10505,7080,1838,1531,56,4868,1121,352,1981,1414,15010,1589,186,10963,362,1117,309,18311,15271,464,78371,64325,3932,454,141,511,69363,12.47188634,2.157970419,68.33409224,14.57401238,85.42598762,67.39647787,17.49643027,0.533079486,31.66590776,40.69433032,59.30566968,23.02793755,7.230895645,29.04683648,11.7626776,1.437736724,84.74143928,2.798175775,8.634150112,2.388498106,16.75350488,18.04357587,2.948840165,61.41590979,92.73676167,5.668728285,0.65452763,0.203278405,0.736704006
191206,Patient,3243,R004,58,No,F,,424000,312261,168684,20993,115765,6819,86518,23376,1864,47443,13835,94951,6482,5336,62095,6328,9241,667,56214,49685,2450,184993,120587,18341,13405,3780,1158,157271,55.77787776,3.609202709,78.3042738,37.07315355,62.92684645,54.02019464,6.722901675,2.183750132,21.6957262,54.83598789,45.16401211,27.01865508,2.154464967,15.99089207,12.49095583,6.377663834,74.21683579,7.563316481,11.04497592,0.797207979,7.985553626,24.00751851,4.699338256,24.33612486,76.67465712,11.66203559,8.523504015,2.403494605,0.736308665
190614,Patient,3243,R005,,No,,,10403,4033,2370,509,1115,39,5889,2540,251,2945,153,2169,91,34,1399,168,366,13,901,652,74,2301,1651,119,82,28,45,1925,65.95029796,0.684836135,40.64704697,27.64691297,72.35308703,58.76518721,12.62087776,0.967022068,59.35295303,50.00849041,49.99150959,43.13126167,4.262183732,2.598064187,13.75047547,1.717171717,70.65656566,8.484848485,18.48484848,0.656565657,6.057563518,25.30073729,10.19283747,14.58729555,85.76623377,6.181818182,4.25974026,1.454545455,2.337662338
190509,Patient,3243,R006,51,No,M,,185624,121854,55784,13913,52040,117,58966,12017,5020,35134,6795,41602,3645,1111,31065,964,2306,64,27483,25735,1092,38099,25319,3775,2434,875,417,32820,63.39444277,2.066512906,67.38966928,42.7068459,57.2931541,45.77937532,11.41776224,0.096016544,32.61033072,59.58348879,40.41651121,20.37954075,8.513380592,11.52358987,14.20794514,3.128696142,87.48239932,2.714728246,6.493945368,0.180230921,10.35823615,43.95013235,4.070525963,13.01159804,77.14503352,11.50213285,7.416209628,2.666057282,1.270566728
190509,Patient,3243,R007,61,No,M,,486000,233812,179637,35034,18325,816,228870,123407,16299,61109,28055,99139,8005,3710,46394,6857,26990,676,39075,35341,1917,289912,217939,19843,21054,3059,1024,262919,53.16553735,1.021593044,50.53406011,7.837493371,92.16250663,76.82967512,14.98383317,0.348998341,49.46593989,26.70031022,73.29968978,53.92012933,7.121510028,12.25805042,10.84522265,4.383943659,54.8217472,8.102615005,31.8928947,0.798799438,4.465452233,11.84905787,5.145203715,31.71466516,82.89206942,7.54719134,8.007789471,1.163476204,0.389473564
193005,Patient,3243,R008,31,No,M,,354258,210107,123841,11758,74341,167,123353,59175,3226,43077,17875,50366,2882,3428,30424,3054,7586,418,86343,80527,1861,187368,134124,7728,11948,4476,531,158807,52.22463827,1.703298663,63.0081569,35.38244799,64.61755201,58.94187247,5.596196224,0.079483311,36.9918431,34.9217287,65.0782713,47.97208013,2.615258648,14.49093253,7.424944902,7.633043866,67.74437764,6.800267201,16.8915609,0.93075039,14.58516135,33.64628511,2.258824101,27.62175032,84.45723425,4.866284232,7.523597826,2.818515557,0.334368132
191206,Patient,3243,R009,51,No,F,,140451,93558,67452,4896,20878,332,42850,13954,1324,23374,4198,46981,1336,7163,32223,1423,2362,260,31487,23891,1565,172064,123796,12259,5478,758,493,142784,35.92253372,2.183383897,68.5868864,22.31556895,77.68443105,72.09645354,5.233117424,0.354860087,31.4131136,54.54842474,45.45157526,32.56476079,3.089848308,9.796966161,12.01612346,16.4928277,74.19354839,3.276461514,5.438511662,0.598650733,8.758642355,14.33388331,6.147862979,44.0080515,86.70159121,8.585695876,3.836564321,0.530871806,0.345276782
193005,Patient,3243,R010,56,No,F,,268542,160481,89279,14315,56633,254,90196,39604,10762,32799,7031,71031,3338,8738,40095,3985,9320,1147,68089,60401,2187,270301,218148,8093,12051,4194,712,243198,39.61012622,1.779247417,64.01903645,35.28953583,64.71046417,55.63213091,8.920059072,0.158274188,35.98096355,36.36414032,63.63585968,43.90882079,11.93179298,7.795245909,10.47712043,13.80737932,63.35624556,6.2969108,14.72702852,1.812435806,11.16443435,19.89499307,3.494280054,39.8695799,89.69975082,3.327741182,4.955221671,1.724520761,0.292765566
191206,Patient,3243,R011,41,No,M,,288396,168599,81083,7485,79665,366,107421,33647,2273,64977,6524,57067,6277,2167,32369,2823,10958,261,42293,35323,2859,144371,107929,9897,6726,1846,1617,128015,54.19683647,1.569516203,61.08216796,47.25116994,52.74883006,48.09221882,4.439528111,0.217083138,38.91783204,60.4881727,39.5118273,31.32255332,2.115973599,6.073300379,10.72431957,4.460867059,66.63304376,5.811272593,22.55753633,0.53728025,8.634145702,21.62570865,7.487821487,27.13092927,84.30965121,7.731125259,5.254071788,1.442018513,1.263133227
191206,Patient,3243,R012,66,No,M,,746000,345743,94823,10031,223765,17124,340447,51221,2456,209628,77142,102370,4616,10072,50256,8285,22225,1463,170371,154994,4798,366946,290621,11911,18748,3822,502,325604,53.83611162,1.015556019,50.38589895,64.72003772,35.27996228,27.42586256,2.901287951,4.952811771,49.61410105,61.57434197,38.42565803,15.04521996,0.721404506,22.65903356,7.387671242,10.91212446,54.44794748,8.976067432,24.07882905,1.585031581,14.01860139,32.25023824,3.002653449,26.48116061,89.25596737,3.658124593,5.757914522,1.173818503,0.15417501
191204,Patient,3243,R013,24,No,M,,69906,27282,18130,1747,7382,23,38459,12791,1145,22361,2162,27865,2499,1224,16924,1619,2525,210,2452,1772,434,36717,23790,3295,4332,878,101,32396,51.04863444,0.709378819,41.49921662,27.05813357,72.94186643,66.45407228,6.40348948,0.08430467,58.50078338,58.1424374,41.8575626,33.25879508,2.977196495,5.621571024,20.34832773,5.439516487,75.21109235,7.194916007,11.22122478,0.933250378,1.82320985,5.186139077,19.67361741,26.81247262,73.43499197,10.17100877,13.37202124,2.710211137,0.311766885
200317,Patient,3243,R016,36,No,F,,288861,220537,137586,17267,62079,3605,59662,16950,3467,33564,5681,38671,1589,947,22717,5939,4700,115,24986,19318,3192,81068,56947,10619,3201,1564,254,72585,66.62138538,3.696439945,78.7072759,28.14901808,71.85098192,62.38681038,7.829525204,1.634646341,21.2927241,56.25691395,43.74308605,28.41004324,5.811069022,9.521973786,8.918876532,2.751467256,66.00325411,17.25550584,13.6556453,0.334127491,6.115002457,21.01998847,14.18036428,18.69709815,78.45560377,14.62974444,4.410002067,2.154715162,0.349934559
Didn’t Find Data,Patient,3243,R017,31,No,F,Couldn't find any flow data for this patient,,,,,,,,,,,,,,,,,,,,,,,,,,,,,,,,,,,,,,,,,,,,,,,,,,,,,,,,,
191204,Patient,3243,R023,24,No,F,,104823,61683,18897,2933,38707,1146,33229,7681,2591,16144,6813,21823,295,2875,15380,447,1504,68,13593,8756,1522,31871,22664,1941,1999,785,19,27408,60.904654,1.85630022,64.98967465,62.75148744,37.24851256,30.63566947,4.754956795,1.85788629,35.01032535,48.58406813,51.41593187,23.11535105,7.79740588,20.50317494,12.6796816,14.18072408,75.8607083,2.204794318,7.418368354,0.335404952,8.575005007,24.21192346,14.80832847,18.51780838,82.69118506,7.081873905,7.293490952,2.864127262,0.069322825
191204,Patient,3243,R024,60,Yes,F,,202050,62902,36085,6474,19899,444,134038,12140,10932,35398,75568,23745,2947,883,12872,1458,3288,332,29539,26740,1349,134432,101231,10038,6307,1460,68,119104,51.83879559,0.46928483,31.93967706,31.63492417,68.36507583,57.36701536,10.29220057,0.705859909,68.06032294,26.40892881,73.59107119,9.057133052,8.155896089,56.37804205,6.092116809,4.688578559,68.34811236,7.741729942,17.45871608,1.76286306,8.200091087,18.33465895,4.802591762,34.49043785,84.99378694,8.427928533,5.295372112,1.225819452,0.057092961
191204,Patient,3243,R025,45,Yes,M,,56900,13964,9715,1623,2603,23,37819,21972,5120,6378,4349,14216,1330,463,8320,1235,1649,90,12746,11786,368,32437,26640,1798,1353,327,50,30168,48.92561415,0.369232396,26.96637893,18.6407906,81.3592094,69.57175594,11.6227442,0.164709252,73.03362107,16.86453899,83.13546101,58.09778154,13.53816865,11.49951083,12.22366486,3.938079442,70.76635196,10.50438037,14.02568682,0.765501403,12.30865328,28.09267293,3.027809775,27.89103948,88.30548926,5.959957571,4.484884646,1.083929992,0.165738531
200320,Patient,3243,R026,43,No,F,,14253,9605,3962,1917,2824,902,3892,1123,141,1533,1095,5631,231,231,3421,815,441,25,3390,3221,62,5087,3033,969,348,104,19,4473,50.25563274,2.467882837,71.16396236,29.40135346,70.59864654,41.2493493,19.95835502,9.390942218,28.83603764,39.38848921,60.61151079,28.85405961,3.622816033,28.13463515,19.85473009,4.682748834,69.34928036,16.52138658,8.939793229,0.506790999,13.5706443,41.86378997,1.888516601,17.93660308,67.80684105,21.66331321,7.780013414,2.32506148,0.424770847
200320,Patient,3243,R027,46,Yes,F,,13784,5694,3109,415,2137,33,7666,2592,149,3845,1080,3789,123,108,1113,1138,826,16,6254,5795,138,8101,5670,1097,355,212,24,7358,43.17213731,0.74276024,42.61976048,37.53073411,62.46926589,54.60133474,7.288373727,0.579557429,57.38023952,50.15653535,49.84346465,33.81163579,1.943647274,14.08818158,11.86732648,3.373945642,34.77038425,35.55139019,25.80443611,0.499843799,24.35872411,44.05838972,2.325973369,25.37271361,77.05898342,14.90894265,4.82468062,2.881217722,0.326175591
200311,Patient,3243,R028,24,Yes,F,,286377,112123,43944,11450,49526,7203,149973,12530,3449,89286,44708,55018,3640,4119,32729,4524,5237,614,27786,20712,1595,262860,222935,15835,4306,3310,230,246616,45.30987705,0.747621238,42.77936329,44.17113349,55.82886651,39.19267233,10.21199932,6.424194857,57.22063671,59.53471625,40.46528375,8.354837204,2.299747288,29.81069926,8.704815036,8.722444572,69.30732906,9.580077505,11.08993499,1.300213879,4.598340865,7.747785492,7.150221903,41.58907413,90.39762221,6.420913485,1.746034321,1.34216758,0.0932624
200311,Patient,3243,R067,25,Yes,M,,212508,122666,35404,2336,84858,68,69302,6317,633,61532,820,219780,9567,12336,167066,8800,8463,700,13790,12145,656,190904,167399,7061,2468,2818,1041,180787,33.36169625,1.770021067,63.89919153,69.17809336,30.82190664,28.86211338,1.904358176,0.055435084,36.10080847,88.78820236,11.21179764,9.115177051,0.913393553,1.183227035,34.50332976,6.250348339,84.64824057,4.458743952,4.287994325,0.354672814,2.212800994,6.294964029,5.124599641,29.97007765,92.59460028,3.905701184,1.365142405,1.558740396,0.575815739
200317,Patient,3243,R081,65,Yes,M,,73362,25307,16880,2839,5467,121,40459,25674,1385,7573,5827,24557,884,2292,12289,3436,2975,432,18095,13298,645,172008,133166,12410,4879,3544,246,154245,25.47097097,0.625497417,38.4803698,21.60271862,78.39728138,66.70091279,11.21824001,0.478128581,61.5196302,18.71771423,81.28228577,63.45683284,3.423218567,14.40223436,8.526084813,10.6982823,57.36090366,16.03808813,13.88629574,2.016430172,6.70365245,7.937066902,4.625977193,59.72043802,86.3340789,8.045641674,3.163149535,2.29764336,0.159486531
,Control,control,A2546,40,No,M,flow data strange no cd14 monos really?,361710,194025,94236,4804,94684,287,70055,19130,3652,46250,1014,45064,NA,NA,NA,NA,NA,NA,45064,33699,330,32364,2898,14148,467,20,18,17551,74.70229367,2.769609592,73.47205392,48.80341836,51.19658164,48.57250362,2.47614826,0.147929757,26.52794608,66.02803872,33.97196128,27.31062445,5.2137167,1.447620135,9.306859534,,,,,,10.26191876,65.75414634,0.969761086,6.683987262,16.51187966,80.61079141,2.660817047,0.113953621,0.102558259
,Control,control,A2042,34,No,M,,29670,12230,4831,1888,4805,700,14689,6279,1198,6235,975,1773,NA,NA,NA,NA,NA,NA,1309,898,52,1391,589,290,341,28,1,1249,86.89921799,0.83259582,45.43259408,39.30791885,60.69208115,39.52061518,15.44502618,5.726439791,54.56740592,42.45250902,57.54749098,42.75209369,8.156873425,6.638523865,5.192865302,,,,,,3.986025896,41.82580345,5.473684211,4.074041531,47.15772618,23.21857486,27.30184147,2.241793435,0.080064051
,Control,control,A1592,35,No,F,,1915207,1173138,565398,28958,577832,856,626560,202131,17848,397217,9320,184087,NA,NA,NA,NA,NA,NA,204255,173010,7850,394188,341654,16133,14726,16585,338,389436,70.99309532,1.872347421,65.18526997,49.25919232,50.74080768,48.19921503,2.468620103,0.07297254,34.81473003,63.40093469,36.59906531,32.26270359,2.848770023,1.487591698,6.823756356,,,,,,8.191556788,30.76028632,4.34037377,14.61180241,87.73046149,4.142657587,3.781365873,4.258722871,0.086792182
,Control,control,A2533,43,No,F,,196829,104621,38371,6436,58913,900,59351,4461,4089,32153,18645,16473,NA,NA,NA,NA,NA,NA,10424,9085,305,15363,11707,1399,740,877,111,14834,82.32457369,1.762750417,63.80418608,56.31141273,43.68858727,36.67654368,6.151787421,0.860256165,36.19581392,54.17705736,45.82294264,7.51668127,6.88986992,31.41639145,6.889902923,,,,,,4.558616659,37.98235712,3.248136315,6.425640661,78.92004854,9.431036807,4.988539841,5.912093838,0.748280976
,Control,control,A2549,33,No,F,,1078429,489436,211133,65737,195916,16521,423212,67578,83198,133069,139322,114316,NA,NA,NA,NA,NA,NA,90661,79667,2473,150047,129922,5192,5585,2965,283,143947,75.23295148,1.156479495,53.62812388,40.03948441,59.96051559,43.14939292,13.43471481,3.376407858,46.37187612,31.44597759,68.55402241,15.96958175,19.66079586,32.9236448,7.974869075,,,,,,6.751661615,35.62701799,3.010713416,10.46752143,90.25683064,3.606883089,3.879900241,2.059785893,0.196600138
,Control,control,A9199,35,No,F,,80753,42430,25252,10500,6021,640,34831,6209,13434,4156,11020,7552,NA,NA,NA,NA,NA,NA,6334,4832,461,21328,16654,832,2492,333,39,20350,69.63446498,1.218167724,54.91774634,14.19611911,85.80388089,59.53834909,24.75656049,1.508971306,45.08225366,11.93601195,88.06398805,17.83221804,38.58238318,31.64938683,6.512197435,,,,,,5.777377998,19.18830911,8.709616475,18.39143894,81.83783784,4.088452088,12.24570025,1.636363636,0.191646192
,Patient,3243,R0149,18,Yes,F,,352235,224181,63076,5120,155744,149,107480,14624,2653,72875,17292,149368,NA,NA,NA,NA,NA,NA,43215,37319,2185,46707,22080,12997,1703,849,226,37855,59.54693377,2.085792706,67.59341617,69.50095721,30.49904279,28.14774487,2.284806483,0.066491439,32.40658383,67.8260303,32.1739697,13.61081121,2.469193254,16.09396523,25.25134187,,,,,,7.881489442,49.64349376,5.53108546,7.896031444,58.32782988,34.33364153,4.498745212,2.242768459,0.597014925
,Patient,3243,R044,20,Yes,F,,490628,270218,51898,3303,214760,210,185646,17214,3477,142262,22641,199074,NA,NA,NA,NA,NA,NA,46311,37051,4253,57047,41227,6823,2524,352,266,51192,61.86518044,1.455555196,59.27601214,79.49039682,20.50960318,19.20931558,1.222559046,0.07772855,40.72398786,76.65226247,23.34773753,9.275084324,1.873444185,12.19920903,25.10200994,,,,,,6.20168158,41.98746643,10.29682355,7.193276675,80.53406782,13.32825441,4.930457884,0.687607439,0.519612439
,Patient,12258,R0286,53,NO,F,12258,492449,359838,256063,18695,84644,385,111247,43973,2645,61348,3266,98143,NA,NA,NA,NA,NA,NA,23320,11032,2300,110479,80002,13166,6822,2365,1285,103640,67.98110413,3.234586101,76.38494115,23.52614186,76.47385814,71.17072045,5.196129932,0.107007757,23.61505885,55.15319333,44.84680667,39.53268843,2.377912831,2.936205409,13.54834613,,,,,,3.326338765,9.620482768,17.25172517,15.25129385,77.19220378,12.70358935,6.582400618,2.281937476,1.239868777
,Patient,8344,R0179,58,NO,F,8344,760680,506666,163882,10447,331351,977,149215,51030,2819,90197,5169,90616,NA,NA,NA,NA,NA,NA,100941,88984,3499,372724,298189,49415,9623,5809,606,363642,57.41150117,3.395543343,77.24968401,65.39947144,34.60052856,32.3457487,2.061947235,0.192832626,22.75031599,60.44767617,39.55232383,34.19897463,1.889220253,3.464128941,6.839144699,,,,,,8.246677677,19.65949813,3.78339803,28.13094121,82.00070399,13.58891437,2.646283983,1.59745024,0.166647417
,Patient,8344,R0181,24,NO,M,8344,768826,364973,119915,24351,216000,4703,320385,145947,18423,139285,16728,127781,NA,NA,NA,NA,NA,NA,75495,54081,9353,428471,341479,61677,12124,3322,116,418718,54.89367566,1.139170061,53.25289849,59.1831087,40.8168913,32.85621519,6.672073519,1.288602594,46.74710151,43.47452892,56.52547108,45.55391516,5.750305104,5.221250815,9.123480176,,,,,,5.697394914,11.43847597,14.74445881,30.59255033,81.55345603,14.72996145,2.895504851,0.793374061,0.02770361
,Patient,8344,R0308,75,NO,F,8344,73865,49593,26224,3070,20228,71,19881,8910,962,2266,7742,4301,NA,NA,NA,NA,NA,NA,6263,4682,151,11799,9941,1009,527,116,29,11622,76.76040238,2.494492229,71.38353917,40.78801444,59.21198556,52.87843042,6.190389773,0.143165366,28.61646083,11.39839034,88.60160966,44.81891348,4.839034205,38.94366197,4.46959305,,,,,,6.961585098,28.71687929,3.124353404,12.26150393,85.53605231,8.68181036,4.534503528,0.998107038,0.24952676
